battery_id,cycle,prior_cycle,actual_soh,initial_capacity,horizon_cycles,predicted_soh,absolute_error_percentage_points
B0005,135,134.0,0.7342773205646126,1.8619764616792724,1.0,0.7406419994051349,0.6364678840522275
B0005,136,135.0,0.7374088281040945,1.8619764616792724,1.0,0.7301481306677192,0.7260697436375252
B0005,137,136.0,0.72900703152442,1.8619764616792724,1.0,0.7325697019117733,0.35626703873532506
B0005,138,137.0,0.7319856152220778,1.8619764616792724,1.0,0.7271263587628847,0.4859256459193162
B0005,139,138.0,0.7292034782180904,1.8619764616792724,1.0,0.729877070923077,0.06735927049865698
B0005,140,139.0,0.7263026092316074,1.8619764616792724,1.0,0.7267700883092204,0.046747907761302
B0005,141,140.0,0.7235654045530981,1.8619764616792724,1.0,0.7246507716682707,0.10853671151725974
B0005,142,141.0,0.7207757239726672,1.8619764616792724,1.0,0.7212089160412124,0.04331920685451962
B0005,143,142.0,0.7207053303215588,1.8619764616792724,1.0,0.7183121963853093,0.2393133936249514
B0005,144,143.0,0.7180856126578576,1.8619764616792724,1.0,0.71894645368275,0.0860841024892367
B0005,145,144.0,0.718011708535972,1.8619764616792724,1.0,0.716433775094521,0.15779334414509627
B0005,146,145.0,0.7150915414550294,1.8619764616792724,1.0,0.7160202289402868,0.0928687485257429
B0005,147,146.0,0.7096061909919116,1.8619764616792724,1.0,0.7124392757792232,0.28330847873115905
B0005,148,147.0,0.7097794847998308,1.8619764616792724,1.0,0.7078166115262919,0.19628732735388343
B0005,149,148.0,0.7096558589194073,1.8619764616792724,1.0,0.7081276472364941,0.1528211682913172
B0005,150,149.0,0.7126523083316121,1.8619764616792724,1.0,0.7080040213560707,0.4648286975541427
B0005,151,150.0,0.7290773843892793,1.8619764616792724,1.0,0.708897430570533,2.0179953818746266
B0005,152,151.0,0.7239134477655342,1.8619764616792724,1.0,0.7248625842968552,0.09491365313210043
B0005,153,152.0,0.7154390479980771,1.8619764616792724,1.0,0.7195007584995055,0.40617105014283394
B0005,154,153.0,0.71255468480213,1.8619764616792724,1.0,0.7113875203721739,0.11671644299561246
B0005,155,154.0,0.7067965223949162,1.8619764616792724,1.0,0.710519340338017,0.3722817943100809
B0005,156,155.0,0.7070687025278944,1.8619764616792724,1.0,0.7053152307217246,0.1753471806169804
B0005,157,156.0,0.7038939917476359,1.8619764616792724,1.0,0.705104100285453,0.12101085378171117
B0005,158,157.0,0.7068779198942138,1.8619764616792724,1.0,0.7009405591212328,0.5937360772981015
B0005,159,158.0,0.7014864477053402,1.8619764616792724,1.0,0.7039041808913516,0.24177331860114615
B0005,160,159.0,0.7044588813861726,1.8619764616792724,1.0,0.6982316761992017,0.6227205186970952
B0005,161,160.0,0.7016673451768056,1.8619764616792724,1.0,0.7017825502613243,0.011520508451867695
B0005,162,161.0,0.7015366688128929,1.8619764616792724,1.0,0.6984095672458313,0.3127101567061641
B0005,163,162.0,0.6988524591443597,1.8619764616792724,1.0,0.6995451892172078,0.06927300728480912
B0005,164,163.0,0.6963574635675854,1.8619764616792724,1.0,0.6968609795486745,0.05035159810891088
B0005,165,164.0,0.6934217422519943,1.8619764616792724,1.0,0.6949979717720117,0.1576229520017458
B0005,166,165.0,0.69591108499354,1.8619764616792724,1.0,0.6911091186085364,0.4801966385003631
B0005,167,166.0,0.7046855934797206,1.8619764616792724,1.0,0.6935545964816543,1.11309969980663
B0005,168,167.0,0.713327812872088,1.8619764616792724,1.0,0.6995955730555916,1.3732239816496405
B0006,125,124.0,0.6627599584277821,2.061365253061398,1.0,0.6653433459006467,0.25833874728645734
B0006,126,125.0,0.6602654927249169,2.061365253061398,1.0,0.6614723699433522,0.1206877218435376
B0006,127,126.0,0.6577299059134453,2.061365253061398,1.0,0.6590315780877867,0.13016721743414061
B0006,128,127.0,0.6549624686634522,2.061365253061398,1.0,0.6554532106597492,0.04907419962969506
B0006,129,128.0,0.649835597216053,2.061365253061398,1.0,0.6531079862769285,0.3272389060875458
B0006,130,129.0,0.65024819455518,2.061365253061398,1.0,0.6468873622276159,0.3360832327564123
B0006,131,130.0,0.6500952292345189,2.061365253061398,1.0,0.6470692611566676,0.3025968077851271
B0006,132,131.0,0.6448315081861458,2.061365253061398,1.0,0.6478723065356369,0.3040798349491114
B0006,133,132.0,0.6474308238657569,2.061365253061398,1.0,0.64367732799106,0.3753495874696866
B0006,134,133.0,0.6628389110871006,2.061365253061398,1.0,0.6457706470321479,1.7068264054952653
B0006,135,134.0,0.6498721711671003,2.061365253061398,1.0,0.6580801934250478,0.8208022257947478
B0006,136,135.0,0.6472348537708718,2.061365253061398,1.0,0.6463368443537233,0.08980094171484598
B0006,137,136.0,0.6397984282434716,2.061365253061398,1.0,0.6429586542293743,0.31602259859027093
B0006,138,137.0,0.6400040848451313,2.061365253061398,1.0,0.6384455127514965,0.1558572093634747
B0006,139,138.0,0.6399348560915494,2.061365253061398,1.0,0.6381940545897081,0.17408015018413048
B0006,140,139.0,0.6347728377048474,2.061365253061398,1.0,0.6381576145546246,0.3384776849777227
B0006,141,140.0,0.6323694119897111,2.061365253061398,1.0,0.6333145610013039,0.09451490115928163
B0006,142,141.0,0.6272080053432696,2.061365253061398,1.0,0.6298541435230661,0.2646138179796531
B0006,143,142.0,0.6272261363834376,2.061365253061398,1.0,0.6255057139547391,0.17204224286985204
B0006,144,143.0,0.6272684649779003,2.061365253061398,1.0,0.6249933059981694,0.22751589797309624
B0006,145,144.0,0.6196775601481871,2.061365253061398,1.0,0.6259479301766397,0.6270370028452654
B0006,146,145.0,0.6169593056531356,2.061365253061398,1.0,0.6182788922964557,0.1319586643320103
B0006,147,146.0,0.6197204228678139,2.061365253061398,1.0,0.6169784473996272,0.2741975468186775
B0006,148,147.0,0.617142106594717,2.061365253061398,1.0,0.6183998880665533,0.12577814718363056
B0006,149,148.0,0.6121390589434209,2.061365253061398,1.0,0.6171612483412086,0.5022189397787646
B0006,150,149.0,0.6147108231210523,2.061365253061398,1.0,0.6116808167552811,0.30300063657712206
B0006,151,150.0,0.6323748703354616,2.061365253061398,1.0,0.6143903228351953,1.7984547500266235
B0006,152,151.0,0.6196209069454736,2.061365253061398,1.0,0.6272968170175193,0.7675910072045711
B0006,153,152.0,0.6146137415514045,2.061365253061398,1.0,0.6157436486869967,0.11299071355922452
B0006,154,153.0,0.6069075446089576,2.061365253061398,1.0,0.6125114541904825,0.5603909581524902
B0006,155,154.0,0.604448676087178,2.061365253061398,1.0,0.6068046884365503,0.23560123493723273
B0007,135,134.0,0.7850443675603046,1.918658380763664,1.0,0.7876862384765627,0.26418709162581155
B0007,136,135.0,0.7824843537540283,1.918658380763664,1.0,0.780536832418916,0.19475213351122234
B0007,137,136.0,0.7798481624717838,1.918658380763664,1.0,0.7772359458845192,0.26122165872646264
B0007,138,137.0,0.7771624782089016,1.918658380763664,1.0,0.7767027948000171,0.045968340888447035
B0007,139,138.0,0.7743275124075537,1.918658380763664,1.0,0.774017110537135,0.031040187041875278
B0007,140,139.0,0.7744897757040786,1.918658380763664,1.0,0.771182144735787,0.3307630968291675
B0007,141,140.0,0.771846788889201,1.918658380763664,1.0,0.7718343130713572,0.001247581784380447
B0007,142,141.0,0.7690724425847957,1.918658380763664,1.0,0.7698959772050287,0.08235346202329907
B0007,143,142.0,0.7692048912945789,1.918658380763664,1.0,0.7670145918251512,0.21902994694277256
B0007,144,143.0,0.7666959703811204,1.918658380763664,1.0,0.7669377157301824,0.024174534906207246
B0007,145,144.0,0.7666900807777136,1.918658380763664,1.0,0.764745158696948,0.19449220807655765
B0007,146,145.0,0.7638537331217689,1.918658380763664,1.0,0.7637388409810717,0.01148921406971537
B0007,147,146.0,0.7611906183618149,1.918658380763664,1.0,0.7603687234176537,0.08218949441611834
B0007,148,147.0,0.7614909237006259,1.918658380763664,1.0,0.7587830999419783,0.2707823758647532
B0007,149,148.0,0.761211173230448,1.918658380763664,1.0,0.7591163529601178,0.20948202703301444
B0007,150,149.0,0.76410732995836,1.918658380763664,1.0,0.7589207195139271,0.5186610444432804
B0007,151,150.0,0.7745575477561497,1.918658380763664,1.0,0.7600534780764452,1.4504069679704523
B0007,152,151.0,0.7693155734202577,1.918658380763664,1.0,0.7688492175552957,0.04663558649620203
B0007,153,152.0,0.7641171375013769,1.918658380763664,1.0,0.7643002361291503,0.0183098627773437
B0007,154,153.0,0.7613047462788725,1.918658380763664,1.0,0.7591018002102695,0.220294606860294
B0007,155,154.0,0.7587703245702011,1.918658380763664,1.0,0.7586108398824749,0.015948468772619684
B0007,156,155.0,0.7588979650215484,1.918658380763664,1.0,0.7571059410371183,0.17920239844301245
B0007,157,156.0,0.7559803116587687,1.918658380763664,1.0,0.7557525973497816,0.022771430898704814
B0007,158,157.0,0.7531024390005298,1.918658380763664,1.0,0.7528349439870019,0.0267495013527852
B0007,159,158.0,0.7534042621851452,1.918658380763664,1.0,0.7499570713287631,0.3447190856382121
B0007,160,159.0,0.7508149478569429,1.918658380763664,1.0,0.7515948923248358,0.0779944467892868
B0007,161,160.0,0.7509727048137403,1.918658380763664,1.0,0.7487132322288705,0.22594725848698038
B0007,162,161.0,0.7479566445579351,1.918658380763664,1.0,0.7486822510972195,0.07256065392844402
B0007,163,162.0,0.7480603223348362,1.918658380763664,1.0,0.7459585366091772,0.2101785725659
B0007,164,163.0,0.7455394000849112,1.918658380763664,1.0,0.7481006111395934,0.2561211054682211
B0007,165,164.0,0.7455938841402586,1.918658380763664,1.0,0.7455796888896683,0.0014195250590320896
B0007,166,165.0,0.7425431268055556,1.918658380763664,1.0,0.7460026132573739,0.3459486451818372
B0007,167,166.0,0.7536384255058731,1.918658380763664,1.0,0.7405077823414425,1.3130643164430578
B0007,168,167.0,0.7592082444717322,1.918658380763664,1.0,0.7512516065854682,0.7956637886263995
B0018,106,105.0,0.7900528109639327,1.8628605393516025,1.0,0.737578203469176,5.247460749475663
B0018,107,106.0,0.7872778171407082,1.8628605393516025,1.0,0.7832779893491968,0.39998277915114233
B0018,108,107.0,0.7809171815912321,1.8628605393516025,1.0,0.7781843639000217,0.2732817691210476
B0018,109,108.0,0.7732333493484106,1.8628605393516025,1.0,0.7741417390925215,0.09083897441108935
B0018,110,109.0,0.7684562539847922,1.8628605393516025,1.0,0.7675671586842044,0.08890953005877833
B0018,111,110.0,0.7610648965884207,1.8628605393516025,1.0,0.7659909195641237,0.4926022975702993
B0018,112,111.0,0.7570646797865127,1.8628605393516025,1.0,0.7583929043900501,0.13282246035374312
B0018,113,112.0,0.7549693064379605,1.8628605393516025,1.0,0.7538025397395923,0.11667666983681269
B0018,114,113.0,0.7591173477716443,1.8628605393516025,1.0,0.7514770703878099,0.7640277383834437
B0018,115,114.0,0.7502406860684651,1.8628605393516025,1.0,0.7544327733693746,0.4192087300909586
B0018,116,115.0,0.7511879425271218,1.8628605393516025,1.0,0.7467569067256609,0.4431035801460981
B0018,117,116.0,0.7407207066402915,1.8628605393516025,1.0,0.7468839193325376,0.6163212692246067
B0018,118,117.0,0.7456221483446912,1.8628605393516025,1.0,0.7375193653788641,0.8102782965827116
B0018,119,118.0,0.7397727652386945,1.8628605393516025,1.0,0.7426974410868373,0.29246758481428214
B0018,120,119.0,0.7331528670185591,1.8628605393516025,1.0,0.7371056288788083,0.39527618602491765
B0018,121,120.0,0.7750154190593399,1.8628605393516025,1.0,0.7310759042824271,4.3939514776912825
B0018,122,121.0,0.7640416208139921,1.8628605393516025,1.0,0.769342354460209,0.5300733646216971
B0018,123,122.0,0.7611829354867978,1.8628605393516025,1.0,0.7568701684406905,0.431276704610728
B0018,124,123.0,0.7514707798425826,1.8628605393516025,1.0,0.7535947439552066,0.2123964112624055
B0018,125,124.0,0.7487741178833391,1.8628605393516025,1.0,0.7458045891783764,0.29695287049626984
B0018,126,125.0,0.7497205720521384,1.8628605393516025,1.0,0.7465922965887165,0.312827546342187
B0018,127,126.0,0.7479754945823002,1.8628605393516025,1.0,0.74783367801276,0.01418165695401541
B0018,128,127.0,0.741957581013777,1.8628605393516025,1.0,0.7441613764267613,0.22037954129843218
B0018,129,128.0,0.7410502186706693,1.8628605393516025,1.0,0.7414327935404239,0.038257486975457056
B0018,130,129.0,0.7348239699522113,1.8628605393516025,1.0,0.7373645052528103,0.2540535300598945
B0018,131,130.0,0.7377719386974338,1.8628605393516025,1.0,0.7319216028116196,0.5850335885814295
B0018,132,131.0,0.7260848716242323,1.8628605393516025,1.0,0.7342845584857675,0.819968686153516
B0026,16,15.0,0.9678378382121836,2.2671531821701323,1.0,0.9581017428459698,0.9736095366213782
B0026,17,16.0,1.015158481021443,2.2671531821701323,1.0,0.9248252192141306,9.033326180731226
B0027,15,14.0,0.9973209261555942,2.1500213204348104,1.0,0.9983242744888805,0.10033483332863025
B0027,16,15.0,1.0021339959755595,2.1500213204348104,1.0,0.9905644411120517,1.1569554863507858
B0028,23,22.0,1.013017655257546,2.2055127168653943,1.0,0.9621120363967809,5.090561886076516
B0028,24,23.0,1.018457251826452,2.2055127168653943,1.0,0.984207085027213,3.425016679923909
B0028,25,24.0,0.9857949212486464,2.2055127168653943,1.0,0.9820833139140138,0.3711607334632605
B0028,26,25.0,0.9679196221742664,2.2055127168653943,1.0,0.9526277314793872,1.529189069487924
B0028,27,26.0,0.9918431040407816,2.2055127168653943,1.0,0.9632949060554008,2.8548197985380774
B0028,28,27.0,1.0129843852657088,2.2055127168653943,1.0,0.9914692366329665,2.1515148632742287
B0029,34,33.0,0.9698606342084556,1.7466509466710296,1.0,0.970832171338202,0.09715371297464026
B0029,35,34.0,0.9596616686887928,1.7466509466710296,1.0,0.9662384616555045,0.6576792966711764
B0029,36,35.0,0.9715787946714832,1.7466509466710296,1.0,0.958528443148659,1.3050351522824188
B0029,37,36.0,0.96029180073804,1.7466509466710296,1.0,0.9672636292087855,0.6971828470745511
B0029,38,37.0,0.9563418023130188,1.7466509466710296,1.0,0.9579319542216509,0.1590151908632098
B0029,39,38.0,0.9521598168083112,1.7466509466710296,1.0,0.9528035075108342,0.06436907025230143
B0029,40,39.0,0.9475957736071808,1.7466509466710296,1.0,0.9489775998777453,0.13818262705644901
B0030,34,33.0,0.9591875944729796,1.6922186842825493,1.0,0.9658524209468872,0.6664826473907537
B0030,35,34.0,0.9546389172636504,1.6922186842825493,1.0,0.956852187006383,0.22132697427326153
B0030,36,35.0,0.9672533628148032,1.6922186842825493,1.0,0.9519486302246507,1.5304732590152526
B0030,37,36.0,0.9550039501425416,1.6922186842825493,1.0,0.9634337553941609,0.8429805251619293
B0030,38,37.0,0.951270512594249,1.6922186842825493,1.0,0.9520378396618197,0.07673270675706556
B0030,39,38.0,0.9467023160942732,1.6922186842825493,1.0,0.9476221315765401,0.09198154822668281
B0030,40,39.0,0.942070316470764,1.6922186842825493,1.0,0.9439679108298653,0.18975943591013067
B0031,36,35.0,1.020219108711255,1.6928955206965115,1.0,1.0061328959473679,1.4086212763887218
B0031,37,36.0,1.0079024067088571,1.6928955206965115,1.0,1.0170568559745763,0.9154449265719178
B0031,38,37.0,1.0109039567714535,1.6928955206965115,1.0,1.0057687996140747,0.5135157157378778
B0031,39,38.0,1.0067905715464456,1.6928955206965115,1.0,1.0056555489019443,0.11350226445012712
B0031,40,39.0,1.0023259175841568,1.6928955206965115,1.0,1.0036127210173698,0.12868034332129685
B0032,35,34.0,0.9793359731190416,1.7104563678995892,1.0,0.9806625162226382,0.1326543103596589
B0032,36,35.0,0.9918009010061272,1.7104563678995892,1.0,0.9773064721601631,1.449442884596408
B0032,37,36.0,0.972215446759017,1.7104563678995892,1.0,0.9877740749609041,1.5558628201887026
B0032,38,37.0,0.9763169085773856,1.7104563678995892,1.0,0.9721251712211073,0.41917373562783133
B0032,39,38.0,0.9647395084228284,1.7104563678995892,1.0,0.9723980625675156,0.7658554144687191
B0032,40,39.0,0.960212885367231,1.7104563678995892,1.0,0.9632420605800315,0.3029175212800439
B0039,10,9.0,0.9891764269641606,0.5624579262975833,1.0,0.981930367822619,0.7246059141541639
B0039,11,10.0,0.9750734793627536,0.5624579262975833,1.0,0.9824922273220098,0.7418747959256233
B0039,12,11.0,0.9604728234544628,0.5624579262975833,1.0,0.9711565250912874,1.0683701636824527
B0041,63,62.0,0.7415098907553218,1.3311112558152849,1.0,0.728299164135984,1.3210726619337865
B0041,64,63.0,0.7293626911102626,1.3311112558152849,1.0,0.7352637908829024,0.5901099772639751
B0041,65,64.0,0.7291468580538994,1.3311112558152849,1.0,0.7250695645899302,0.4077293463969234
B0041,66,65.0,0.727376282401701,1.3311112558152849,1.0,0.7240930965335991,0.32831858681019455
B0041,67,66.0,0.72398782004458,1.3311112558152849,1.0,0.7204571323795087,0.35306876650712526
B0042,93,92.0,0.8791793547049649,1.7691576482030955,1.0,0.873945589621201,0.5233765083763942
B0042,94,93.0,0.8730129940299345,1.7691576482030955,1.0,0.8731900568797872,0.017706284985274934
B0042,95,94.0,0.8706133136096832,1.7691576482030955,1.0,0.8669975723560855,0.36157412535976485
B0042,96,95.0,0.8662950693683736,1.7691576482030955,1.0,0.8633079078728093,0.2987161495564328
B0042,97,96.0,0.8625234494040992,1.7691576482030955,1.0,0.8602357972835994,0.22876521204997502
B0042,98,97.0,0.858705117301047,1.7691576482030955,1.0,0.8568076962645117,0.18974210365353406
B0042,99,98.0,0.8531682029934257,1.7691576482030955,1.0,0.8524600150984026,0.07081878950230269
B0042,100,99.0,0.8501868565122883,1.7691576482030955,1.0,0.8477648915558995,0.24219649563888002
B0042,101,100.0,0.8440486702977982,1.7691576482030955,1.0,0.8444711033727008,0.04224330749026395
B0042,102,101.0,0.837776904273873,1.7691576482030955,1.0,0.8394413089080275,0.1664404634154515
B0042,103,102.0,0.8345303628185872,1.7691576482030955,1.0,0.8337929100863769,0.07374527322102642
B0042,104,103.0,0.83177688154619,1.7691576482030955,1.0,0.8300671893216808,0.17096922245092294
B0042,105,104.0,0.8256888054477826,1.7691576482030955,1.0,0.8260611284066025,0.03723229588199484
B0042,106,105.0,0.8221572977921212,1.7691576482030955,1.0,0.8207336873081631,0.14236104839581154
B0042,107,106.0,0.8177653346039426,1.7691576482030955,1.0,0.8164415446525337,0.13237899514089158
B0042,108,107.0,0.8122086640102821,1.7691576482030955,1.0,0.8122796774675854,0.007101345730331499
B0042,109,108.0,0.8120107922495493,1.7691576482030955,1.0,0.8081312165736806,0.38795756758687183
B0042,110,109.0,0.806658137857398,1.7691576482030955,1.0,0.8061209416156532,0.05371962417448639
B0042,111,110.0,0.8018436535234407,1.7691576482030955,1.0,0.8010807289255631,0.07629245978775234
B0042,112,111.0,0.7975667855272549,1.7691576482030955,1.0,0.7962662445916058,0.13005409356491304
B0043,99,98.0,0.8425220533310009,1.7324236494479983,1.0,0.843177372597053,0.06553192660521123
B0043,100,99.0,0.8351547430305569,1.7324236494479983,1.0,0.8371187418934748,0.19639988629178706
B0043,101,100.0,0.8265913868885753,1.7324236494479983,1.0,0.8301996248909375,0.36082380023622074
B0043,102,101.0,0.8179999244481853,1.7324236494479983,1.0,0.8216287739300563,0.36288494818710326
B0043,103,102.0,0.812638324624468,1.7324236494479983,1.0,0.8130448063085658,0.0406481684097848
B0043,104,103.0,0.8059744045253565,1.7324236494479983,1.0,0.8082136319579647,0.22392274326081818
B0043,105,104.0,0.8017674745923671,1.7324236494479983,1.0,0.801019286385737,0.07481882066300294
B0043,106,105.0,0.7957568665868923,1.7324236494479983,1.0,0.7962818174560099,0.05249508691176352
B0043,107,106.0,0.7847327446703625,1.7324236494479983,1.0,0.7908058100854074,0.6073065415044931
B0043,108,107.0,0.783352133335264,1.7324236494479983,1.0,0.7806689346547875,0.2683198680476506
B0043,109,108.0,0.776828528275408,1.7324236494479983,1.0,0.7776363801956765,0.08078519202684431
B0043,110,109.0,0.7688066935993174,1.7324236494479983,1.0,0.7718734101357886,0.306671653647117
B0043,111,110.0,0.761848177428931,1.7324236494479983,1.0,0.7638440806407985,0.1995903211867489
B0043,112,111.0,0.7552526707524132,1.7324236494479983,1.0,0.756885564470412,0.16328937179987957
B0044,99,98.0,0.8136172361112273,1.6894808191135984,1.0,0.818000394060733,0.43831579495057227
B0044,100,99.0,0.8061883867245315,1.6894808191135984,1.0,0.8086621179716078,0.2473731247076283
B0044,101,100.0,0.7995903539409571,1.6894808191135984,1.0,0.8012332685849121,0.16429146439549402
B0044,102,101.0,0.7905267871024522,1.6894808191135984,1.0,0.7956138545723606,0.5087067469908391
B0044,103,102.0,0.7936836315450577,1.6894808191135984,1.0,0.786586657783384,0.709697376167373
B0044,104,103.0,0.7798621955304311,1.6894808191135984,1.0,0.7875873271977849,0.772513166735378
B0044,105,104.0,0.784342903214725,1.6894808191135984,1.0,0.7749070773908117,0.9435825823913335
B0044,106,105.0,0.7759554121010402,1.6894808191135984,1.0,0.7789073849475733,0.2951972846533035
B0044,107,106.0,0.7647217302861019,1.6894808191135984,1.0,0.7704709448983639,0.5749214612261966
B0044,108,107.0,0.7667224811292734,1.6894808191135984,1.0,0.761136852535782,0.5585628593491432
B0044,109,108.0,0.7561368652556505,1.6894808191135984,1.0,0.7620448733807833,0.5908008125132813
B0044,110,109.0,0.7521970852155936,1.6894808191135984,1.0,0.7521603658870539,0.0036719328539658314
B0044,111,110.0,0.7450878491018776,1.6894808191135984,1.0,0.7483508329303804,0.32629838285027635
B0044,112,111.0,0.740374763644991,1.6894808191135984,1.0,0.7411038549143816,0.07290912693905804
B0045,58,57.0,0.6428714072924407,1.2130043500964764,1.0,0.6531348829057287,1.0263475613287998
B0045,59,58.0,0.6377598071944752,1.2130043500964764,1.0,0.6369068948049358,0.08529123895394397
B0045,60,59.0,0.6384047256462468,1.2130043500964764,1.0,0.6341131766610656,0.4291548985181248
B0045,61,60.0,0.6157485040344426,1.2130043500964764,1.0,0.6358170509001174,2.006854686567483
B0045,62,61.0,0.6171950432955476,1.2130043500964764,1.0,0.6198627353154427,0.26676920198950294
B0045,63,62.0,0.6321515297212962,1.2130043500964764,1.0,0.6166889911158301,1.5462538605466092
B0045,64,63.0,0.6329703406759456,1.2130043500964764,1.0,0.6287441590493384,0.42261816266071506
B0045,65,64.0,0.6206039989011629,1.2130043500964764,1.0,0.6269905739415632,0.63865750404003
B0045,68,67.0,0.650695024062902,1.2130043500964764,1.0,0.6303532720744411,2.0341751988460888
B0045,69,68.0,0.6393145724249292,1.2130043500964764,1.0,0.6448228039881656,0.5508231563236432
B0045,70,69.0,0.6279733364741695,1.2130043500964764,1.0,0.6355991581092887,0.7625821635119157
B0045,71,70.0,0.6236550270996839,1.2130043500964764,1.0,0.622445623471986,0.1209403627697947
B0045,72,71.0,0.6177234715358593,1.2130043500964764,1.0,0.6213481128972707,0.3624641361411385
B0046,58,57.0,0.7052509514235966,1.798180493127139,1.0,0.7063408625380752,0.10899111144785367
B0046,59,58.0,0.7024294278323819,1.798180493127139,1.0,0.6990031003837343,0.34263274486476814
B0046,60,59.0,0.6964250619929101,1.798180493127139,1.0,0.7002498587571767,0.38247967642666136
B0046,61,60.0,0.7016252597128173,1.798180493127139,1.0,0.6946521717445967,0.6973087968220604
B0046,62,61.0,0.7088349339514207,1.798180493127139,1.0,0.698089566503751,1.074536744766974
B0046,63,62.0,0.6982317860072167,1.798180493127139,1.0,0.7023462934722444,0.4114507465027728
B0046,64,63.0,0.6875025909025906,1.798180493127139,1.0,0.6929439405875059,0.5441349684915275
B0046,65,64.0,0.6843351582949977,1.798180493127139,1.0,0.6843177856806221,0.0017372614375621431
B0046,68,67.0,0.723531335539302,1.798180493127139,1.0,0.7480799157743229,2.4548580235020823
B0046,69,68.0,0.712567118644378,1.798180493127139,1.0,0.7146268049251125,0.20596862807344962
B0046,70,69.0,0.7080696276169212,1.798180493127139,1.0,0.7045928833763072,0.3476744240613949
B0046,71,70.0,0.6960768123977678,1.798180493127139,1.0,0.7022739800474915,0.6197167649723778
B0046,72,71.0,0.6905268817732971,1.798180493127139,1.0,0.6944734047340728,0.3946522960775689
B0047,58,57.0,0.7077623972952215,1.7059834942332734,1.0,0.7110964352483929,0.33340379531714426
B0047,59,58.0,0.7046870881459658,1.7059834942332734,1.0,0.7003070330982151,0.43800550477507416
B0047,60,59.0,0.6981532850652308,1.7059834942332734,1.0,0.7002941127057866,0.2140827640555787
B0047,61,60.0,0.7021584548401675,1.7059834942332734,1.0,0.6948751473654496,0.7283307474717837
B0047,62,61.0,0.7061387118933038,1.7059834942332734,1.0,0.69707939368093,0.9059318212373824
B0047,63,62.0,0.7000742811738077,1.7059834942332734,1.0,0.6986514133231484,0.14228678506592596
B0047,64,63.0,0.6938155011194146,1.7059834942332734,1.0,0.6940834203800539,0.026791926063929328
B0047,65,64.0,0.6881850010566373,1.7059834942332734,1.0,0.6888811194654829,0.06961184088456474
B0047,68,67.0,0.7262160308324713,1.7059834942332734,1.0,0.730914842646428,0.4698811813956705
B0047,69,68.0,0.7184004713942813,1.7059834942332734,1.0,0.7172628997452689,0.11375716490124033
B0047,70,69.0,0.7112050215353043,1.7059834942332734,1.0,0.7109526020161744,0.025241951912990945
B0047,71,70.0,0.7026019598249861,1.7059834942332734,1.0,0.7052141607415505,0.26122009165644444
B0047,72,71.0,0.6966788156755531,1.7059834942332734,1.0,0.6992874520756766,0.2608636400123432
B0048,58,57.0,0.7454587581540685,1.6601663126545914,1.0,0.7444765888332631,0.0982169320805415
B0048,59,58.0,0.7449346107540424,1.6601663126545914,1.0,0.7373488971566744,0.7585713597368038
B0048,60,59.0,0.7366508768660459,1.6601663126545914,1.0,0.7429418440266636,0.6290967160617722
B0048,61,60.0,0.7407256229269427,1.6601663126545914,1.0,0.7333727391662648,0.7352883760677886
B0048,62,61.0,0.7490084747213219,1.6601663126545914,1.0,0.7351172127046482,1.3891262016673678
B0048,63,62.0,0.7412091390044626,1.6601663126545914,1.0,0.7415211761511665,0.031203714670391403
B0048,64,63.0,0.729897103511528,1.6601663126545914,1.0,0.733860731449189,0.39636279376609185
B0048,65,64.0,0.7306381933777384,1.6601663126545914,1.0,0.7249702166764957,0.5667976701242639
B0048,68,67.0,0.7657865113257526,1.6601663126545914,1.0,0.7800611797178914,1.4274668392138756
B0048,69,68.0,0.7591606908552628,1.6601663126545914,1.0,0.7561713886192631,0.2989302235999691
B0048,70,69.0,0.7554623032303842,1.6601663126545914,1.0,0.7510508298578688,0.4411473372515462
B0048,71,70.0,0.7440709143940848,1.6601663126545914,1.0,0.7487096018974966,0.4638687503411787
B0048,72,71.0,0.7380783773084777,1.6601663126545914,1.0,0.7392567696016902,0.11783922932124824
B0049,24,23.0,0.9419912132829892,0.952821920821196,1.0,1.0070218998760143,6.503068659302514
B0049,25,24.0,0.9973992832712434,0.952821920821196,1.0,0.9362284894640354,6.117079380720803
B0053,47,46.0,1.0200928332852488,1.308078118006157,1.0,1.0133004424971293,0.6792390788119551
B0053,48,47.0,1.0184137777649391,1.308078118006157,1.0,1.0125046417536576,0.5909136011281513
B0053,49,48.0,1.010332347024851,1.308078118006157,1.0,1.011927343248953,0.15949962241019744
B0053,50,49.0,1.0157101174752656,1.308078118006157,1.0,1.0082389438076933,0.7471173667572328
B0053,51,50.0,0.9982329560835692,1.308078118006157,1.0,1.011025543072996,1.2792586989426757
B0053,52,51.0,1.0059939993991491,1.308078118006157,1.0,0.9961991617182234,0.9794837680925705
B0053,53,52.0,0.9901202234595416,1.308078118006157,1.0,1.001591863078256,1.1471639618714446
B0053,54,53.0,0.9883197713970712,1.308078118006157,1.0,0.9880864290941959,0.023334230287530566
B0053,55,54.0,1.0036167333418562,1.308078118006157,1.0,0.9848275353469206,1.8789197994935614
