battery_id,MAE_percentage_points,RMSE_percentage_points,R2,number_of_cycles
B0005,0.36690186716623774,0.5557240033338043,0.7754470951500602,34
B0006,0.3872061268632151,0.5599991320866882,0.8930569574268195,31
B0007,0.24605207705711385,0.4105570251934342,0.8606759083997488,34
B0018,0.6923189437145522,1.3801356640244449,0.27565755538380654,27
B0025,8.063186827173396,8.063186827173396,,1
B0026,4.246774867998646,5.645178337367511,-2.477267400777756,4
B0027,1.7179010119795168,2.347384724297955,-0.7154200283393546,3
B0028,2.570377171793986,2.969280254064194,-1.699540749951396,6
B0029,0.4455168424535353,0.6187181701727089,0.416592383467259,7
B0030,0.5171052995335823,0.7167891170445332,0.11525351494770741,7
B0031,0.6159529052939883,0.7893532921301633,-0.7487596582305873,5
B0032,0.7709844477535606,0.9480850100966146,0.14349499991018777,6
B0039,0.8449502912540799,0.8596213798922848,0.46191696507138535,3
B0041,0.600059867782401,0.7059966900229034,-0.4139176753381437,5
B0042,0.16766956829816382,0.2151427994816831,0.9925095561586228,20
B0043,0.21453488062703036,0.2635992846831337,0.9899734152840899,14
B0044,0.44334586548027455,0.515502358096107,0.9459910457294891,14
B0045,0.8813550612589602,1.1288815808400572,-0.1881504504546636,14
B0046,1.0827284946954103,2.1785854582372197,-0.5301384142603087,14
B0047,0.6802189248362392,1.5287208319689332,-0.37973666016347196,14
B0048,0.9561848370304247,1.7499860314376983,-0.468848129205766,14
B0049,6.310074020011658,6.313024716316347,-4.192648496105746,2
B0053,0.8316589030883689,0.9908991217222178,0.1932806429937114,9
