battery_id,cycle,actual_soh,predicted_soh
B0005,2,0.9945679034974788,1.0057898740494313
B0005,3,0.9886310959133612,1.0081056839329525
B0005,4,0.9935991189876996,0.999389278753074
B0005,5,0.993263091200262,0.9951207724561978
B0005,6,0.9888083591464604,0.9893834080700515
B0005,7,0.988530975462809,0.9933078322313865
B0005,8,0.983451653258151,0.9964221600289078
B0005,9,0.9879533243270472,0.9965606971174314
B0005,10,0.9828368479569272,0.9980283205479064
B0005,11,0.9828274463188356,0.9874922266418057
B0005,12,0.9822846848766824,0.9877976283467584
B0005,13,0.9769713166677813,0.9895626320506326
B0005,14,0.9768144594429392,0.972469412680786
B0005,15,0.976005513492408,0.9734937239789967
B0005,16,0.965047157085199,0.9715154116573479
B0005,17,0.9760236706651644,0.9664788431133089
B0005,18,0.9712346647293618,0.9663449212249895
B0005,19,0.9710854061017862,0.9764651630635469
B0005,20,0.994844368340584,1.000692093598417
B0005,21,1.0000929934484686,0.9941125058046232
B0005,22,0.9890283763380114,0.9939728137349979
B0005,23,0.988474345400816,0.989405573546918
B0005,24,0.9774415915560194,0.9780336432215895
B0005,25,0.9883757272828808,0.9733463082515662
B0005,26,0.9821421672025076,0.988763563020475
B0005,27,0.977522818187549,0.9868736757687945
B0005,28,0.9770962223874584,0.9641229356976209
B0005,29,0.9710742916431344,0.9767394557025603
B0005,30,0.9717576412297142,0.9726710487858873
B0005,31,0.9989236009123834,0.9465067943680282
B0005,32,0.9847637595161708,0.973929529554864
B0005,33,0.9789735897756155,0.9795718825562332
B0005,34,0.9732533417117492,0.9683826370194861
B0005,35,0.9707570141790696,0.9655350051937733
B0005,36,0.9707535940546236,0.9501034566274559
B0005,37,0.9590276467169708,0.9644496500136814
B0005,38,0.9619138813226342,0.9526991413203286
B0005,39,0.9566142147887612,0.9472286851609988
B0005,40,0.9538067160541442,0.936554116463327
B0005,41,0.9510243248742072,0.9595549305860811
B0005,42,0.9449938768685084,0.9378162051155388
B0005,43,0.95219219163393,0.958559300795624
B0005,44,0.948244312937108,0.9439738812165245
B0005,45,0.9451555729957372,0.935307188731892
B0005,46,0.937055922726684,0.9372603157053054
B0005,47,0.9339517382175576,0.9312866729037886
B0005,48,0.964851450464351,0.9570086114663144
B0005,49,0.959237752307706,0.9511957391666718
B0005,50,0.9507532395451253,0.9348549995062158
B0005,51,0.9452105714766936,0.9352739103980745
B0005,52,0.9366822971042732,0.9259112853938649
B0005,53,0.9369751261000112,0.922202756355283
B0005,54,0.9369546261675192,0.9224908884693673
B0005,55,0.9315597509891846,0.9232963026475829
B0005,56,0.92305191317132,0.9226717805005938
B0005,57,0.9202278473118942,0.9209158441004134
B0005,58,0.9178296225119472,0.9179370731171365
B0005,59,0.9117124987839196,0.9161657232722721
B0005,60,0.9086272085761746,0.9030827578830266
B0005,61,0.9064560809472184,0.9140534567835104
B0005,62,0.9009022433483124,0.9093654897785505
B0005,63,0.8978990704369108,0.9024519550192732
B0005,64,0.8979460137103323,0.904288844135554
B0005,65,0.8953816513261215,0.8960756259818972
B0005,66,0.8898220094218843,0.8879195397844956
B0005,67,0.8838070014415388,0.8852367934573502
B0005,68,0.8840494881112305,0.8815238662097138
B0005,69,0.8754139920563663,0.8813887840643063
B0005,70,0.8757945883236296,0.8821308154351517
B0005,71,0.8727565039074482,0.8809338303958568
B0005,72,0.8669766607833157,0.8809338303958568
B0005,73,0.8643986174188548,0.8723335305271944
B0005,74,0.8645517422425885,0.8658715225908687
B0005,75,0.8557375000845335,0.8722086706299369
B0005,76,0.8532673620495251,0.8661693553436755
B0005,77,0.8527921398658073,0.8563047018115999
B0005,78,0.8584655879031546,0.87261265115394
B0005,79,0.8442958683591847,0.8532246336739764
B0005,80,0.842046852038114,0.8531369772514468
B0005,81,0.8421321427095151,0.8516592249059595
B0005,82,0.839166889003494,0.8509835757297273
B0005,83,0.8335448725612691,0.8444050128008325
B0005,84,0.8334543543610952,0.8445649883687392
B0005,85,0.8305330026360659,0.8447468060309974
B0005,86,0.8221865592860096,0.8419620597867191
B0005,87,0.822535593958075,0.8413915109337231
B0005,88,0.8193835342667711,0.8470959294111746
B0005,89,0.8194312665868991,0.8473434590678125
B0005,90,0.8640437431142585,0.8601861992814657
B0005,91,0.8414996284321717,0.8561294916597185
B0005,92,0.833034434348059,0.8519620716113441
B0005,93,0.8246111067501434,0.8544559548281188
B0005,94,0.8245068024646472,0.8408310756891311
B0005,95,0.8163302378689896,0.8342462615125864
B0005,96,0.8136269002768308,0.8357647348690693
B0005,97,0.8107484767232725,0.8343211149037051
B0005,98,0.8108896712964291,0.8265786555729738
B0005,99,0.8051374342889753,0.8259236592411466
B0005,100,0.799645984552547,0.8213960570019642
B0005,101,0.7966987681808244,0.8203462319595379
B0005,102,0.7939030383772133,0.818280735801699
B0005,103,0.8024766820732678,0.816923644828218
B0005,104,0.8051261527398917,0.8210101753626393
B0005,105,0.7997543967687156,0.8142988519781943
B0005,106,0.7909603950638109,0.8141654098397154
B0005,107,0.782472773137325,0.8136289081807648
B0005,108,0.7826105647803345,0.8107380449358325
B0005,109,0.7858997080041018,0.8072588905727348
B0005,110,0.779867023830525,0.8043228336972325
B0005,111,0.7742728723901363,0.8041454074235249
B0005,112,0.7714916005289242,0.8007196682377804
B0005,113,0.7714609930432592,0.7968674147082057
B0005,114,0.7685810173217531,0.7973183152848866
B0005,115,0.7658278835729964,0.7934016748046467
B0005,116,0.7628747182747284,0.794521413190857
B0005,117,0.760203138172879,0.7939965233442148
B0005,118,0.7602900102533772,0.7776331748694297
B0005,119,0.7576296055836707,0.791181813943547
B0005,120,0.7714810736573969,0.791643868014824
B0005,121,0.7740724967342534,0.7924350232072945
B0005,122,0.7628510115982735,0.7934153689134119
B0005,123,0.7600886847093589,0.7939965233442148
B0005,124,0.7569813963316947,0.774021117080055
B0005,125,0.7517573632754557,0.7853974332087994
B0005,126,0.745796124162978,0.7544780386864419
B0005,127,0.7461119033606347,0.7720305505290046
B0005,128,0.7430198963747854,0.7682553865119294
B0005,129,0.7371975686979192,0.7507418722947452
B0005,130,0.7376923422629266,0.7507418722947452
B0005,131,0.7376903829218606,0.7508993279867492
B0005,132,0.7374077188730616,0.7499516899802301
B0005,133,0.7403058044952122,0.7502315895727583
B0005,134,0.7460513554851532,0.7818723095598406
B0005,135,0.7342773205646126,0.7503319620246834
B0005,136,0.7374088281040945,0.7527444232101307
B0005,137,0.72900703152442,0.7533819081758201
B0005,138,0.7319856152220778,0.7509267611703728
B0005,139,0.7292034782180904,0.7528899971147471
B0005,140,0.7263026092316074,0.752894469329229
B0005,141,0.7235654045530981,0.7527948620714213
B0005,142,0.7207757239726672,0.7492538776002154
B0005,143,0.7207053303215588,0.750531390104086
B0005,144,0.7180856126578576,0.7491665631647937
B0005,145,0.718011708535972,0.7421607254778971
B0005,146,0.7150915414550294,0.7416877268866664
B0005,147,0.7096061909919116,0.7416877268866664
B0005,148,0.7097794847998308,0.7452943644727424
B0005,149,0.7096558589194073,0.7407621850077338
B0005,150,0.7126523083316121,0.7495415234061034
B0005,151,0.7290773843892793,0.7416149043399936
B0005,152,0.7239134477655342,0.7409669816926016
B0005,153,0.7154390479980771,0.7385186188890849
B0005,154,0.71255468480213,0.7383584895308641
B0005,155,0.7067965223949162,0.7374153027684718
B0005,156,0.7070687025278944,0.7378854909396334
B0005,157,0.7038939917476359,0.7345271718362246
B0005,158,0.7068779198942138,0.736942304177241
B0005,159,0.7014864477053402,0.736942304177241
B0005,160,0.7044588813861726,0.7374153027684718
B0005,161,0.7016673451768056,0.7374153027684718
B0005,162,0.7015366688128929,0.7374153027684718
B0005,163,0.6988524591443597,0.7299554633624222
B0005,164,0.6963574635675854,0.7374153027684718
B0005,165,0.6934217422519943,0.7374153027684718
B0005,166,0.69591108499354,0.7299554633624222
B0005,167,0.7046855934797206,0.736085227604914
B0005,168,0.713327812872088,0.7386937197666514
B0029,10,1.0325750925433312,1.0052653412298762
B0029,11,1.04399262956289,1.0219506088872408
B0029,12,1.0349455086413832,1.0378902513638582
B0029,13,1.0403672857032695,1.028613914441969
B0029,14,1.0200360765189054,1.0255529223262652
B0029,15,1.0305844109898652,1.0323602416422493
B0029,16,1.0422774730269893,1.0233414212011556
B0029,17,1.039990580242008,1.0222816841300941
B0029,18,1.0262655536626082,1.0222816841300941
B0029,19,1.0182712187083451,1.0222816841300941
B0029,20,1.0202058992711185,1.032289516501885
B0029,21,1.0307081034187262,1.0407381560959097
B0029,22,1.0157975418695122,1.0311008165309707
B0029,23,1.0069367890820673,1.0298158312632835
B0029,24,0.9975887595549892,1.0306089367095734
B0029,25,0.993433432913336,1.030153845159446
B0029,26,1.0048934718123943,1.031329363319864
B0029,27,1.0018660350098023,1.0255377539247534
B0029,28,0.9837827733723028,1.0283414254212684
B0029,29,0.988012160870411,1.0203990753564627
B0029,30,0.97813277267788,1.0182116365781362
B0029,31,0.9822247834818156,1.0245443889047026
B0029,32,0.9727749712121868,1.014985991868367
B0029,33,0.9745064583318644,1.0228303163042014
B0029,34,0.9698606342084556,1.0261064348065387
B0029,35,0.9596616686887928,1.017851176780489
B0029,36,0.9715787946714832,1.0202721450725365
B0029,37,0.96029180073804,1.010865906765575
B0029,38,0.9563418023130188,1.0179995412903666
B0029,39,0.9521598168083112,0.9953065982917614
B0029,40,0.9475957736071808,0.9955715940612176
B0030,8,1.0484123593152257,1.0180896951476424
B0030,9,1.034266111780472,1.0198150524660952
B0030,10,1.0331815329248069,1.0223100391735394
B0030,11,1.0388289801842183,1.0290888524597275
B0030,12,1.0297312933860343,1.045209263929539
B0030,13,1.0217202849723552,1.0449442681600827
B0030,14,1.0135733492185888,1.042328913346735
B0030,15,1.011419680268298,1.0401248915102863
B0030,16,1.0482091441518298,1.0361814838970569
B0030,17,1.0337919088085012,1.0395745516142043
B0030,18,1.025135447518409,1.0395745516142043
B0030,19,1.0102888196170432,1.0391068815771285
B0030,20,1.0062370735055484,1.048246804510693
B0030,21,1.0101881745829844,1.048246804510693
B0030,22,1.0009380467538542,1.0461718959100808
B0030,23,0.9977468751426788,1.0449115438946548
B0030,24,0.9881498329463736,1.0440506715612683
B0030,25,0.9899548579716572,1.0442652549006899
B0030,26,0.9952463392677392,1.0450867585075327
B0030,27,0.9860197321352926,1.0339852603774518
B0030,28,0.9813507877169604,1.0357221247567099
B0030,29,0.9774433717241208,1.0355825822011746
B0030,30,0.967309032440984,1.0323629656070128
B0030,31,0.971674553886162,1.0298206551634745
B0030,32,0.9746641395480578,1.0273791647664627
B0030,33,0.9702467944882034,1.0270787307881535
B0030,34,0.9591875944729796,1.0314155183113114
B0030,35,0.9546389172636504,1.0333158087237273
B0030,36,0.9672533628148032,1.0254338643792373
B0030,37,0.9550039501425416,1.0244817008891751
B0030,38,0.951270512594249,1.0247466966586314
B0030,39,0.9467023160942732,1.0020455231585697
B0030,40,0.942070316470764,1.0020455231585697
B0032,13,1.0410807328904357,1.0278789858875037
B0032,14,1.0334086862421743,1.0273755421101756
B0032,15,1.04436632957514,1.0350755299338479
B0032,16,1.0485271606255615,1.0294757123530216
B0032,17,1.04697771613265,1.0274848166843196
B0032,18,1.046475351460719,1.0240921824967442
B0032,19,1.0381499881735712,1.0339668867051146
B0032,20,1.027464525136034,1.0360851597461396
B0032,21,1.0382634244591156,1.0312498254764275
B0032,22,1.0295243918642123,1.0382420724781
B0032,23,1.0202474359248557,1.037159622367451
B0032,24,1.0172319339460063,1.0369039099747674
B0032,25,0.9990492796797702,1.0270421615973315
B0032,26,1.0306604486008737,1.0274641421497892
B0032,27,1.008775576873017,1.0300961091219805
B0032,28,1.0104249997836805,1.018163999575859
B0032,29,1.0007911276213406,1.019444966669588
B0032,30,0.9979134859359876,1.0144846688467002
B0032,31,1.002349024037009,1.014934951280286
B0032,32,0.9926502216162612,1.0142352474563678
B0032,33,0.9885714800104312,1.0122250314170236
B0032,34,0.9826920171815168,1.0171656251789296
B0032,35,0.9793359731190416,1.0174285321307297
B0032,36,0.9918009010061272,1.01515100095331
B0032,37,0.972215446759017,1.0161886557452522
B0032,38,0.9763169085773856,1.0133921478870032
B0032,39,0.9647395084228284,0.9909642006578552
B0032,40,0.960212885367231,0.9917310799613445
B0042,2,0.9926199423222714,0.9816327416464543
B0042,3,0.9908622668811627,0.9814700340899283
B0042,4,0.9865242860135918,0.9707932829099736
B0042,5,0.9844967110443744,0.9705736558409845
B0042,6,0.8332405861529352,0.9240303836813283
B0042,7,0.980127982043075,0.9576084786729013
B0042,8,0.9775046338633344,0.9575644909311006
B0042,9,0.9732140373634868,0.9585656274691797
B0042,10,0.9695078180850776,0.9561179747649462
B0042,11,0.9686194621903268,0.9572114869600798
B0042,12,0.9645976134395002,0.9514964490545562
B0042,13,0.9635492313766691,0.9518181702742029
B0042,14,0.9578708464558268,0.9479911400168779
B0042,15,0.9569704029323168,0.9446725943082386
B0042,16,0.9591489986393412,0.943683491407203
B0042,17,0.954567426167217,0.9422392301353713
B0042,18,0.9506086197896833,0.9398638802062614
B0042,19,0.9497677764015564,0.9417995416600491
B0042,20,0.9478580371414612,0.9376759231109472
B0042,21,0.9623782397126442,0.9487103505174206
B0042,22,0.956131203172672,0.9339995144617603
B0042,23,0.9545872290218363,0.932098222498681
B0042,24,0.9487966012167672,0.9298431967185712
B0042,25,0.9420805170547152,0.930136594301627
B0042,26,0.9389034685354132,0.9262140408815671
B0042,27,0.9434939953618332,0.9256285159075306
B0042,28,0.9412813085617424,0.9305523209507669
B0042,29,0.9372515241507964,0.8982306969490087
B0042,30,0.9303857437718296,0.894632963674611
B0042,31,0.93104488128835,0.8906802927347689
B0042,32,0.931513597582036,0.8886520294585111
B0042,33,0.9288763358830748,0.8916247184234919
B0042,34,0.9247907389042316,0.888754132848526
B0042,35,0.9179191953993852,0.8838139469744651
B0042,36,0.9138218928789936,0.8815379703935678
B0042,37,0.917968748261608,0.8810642550996596
B0042,38,0.9143063585566272,0.8776214223301844
B0042,39,0.9142246074638788,0.8744725866572235
B0042,40,0.909670490038258,0.8720936788109359
B0042,41,0.9016202226623056,0.8354279479008984
B0042,42,0.6612640375471642,0.9674413858308109
B0042,43,0.6342076307719003,0.9735157229098255
B0042,44,0.6209223403312198,0.9731179374745366
B0042,45,0.6151596653907656,0.9701047467347275
B0042,46,0.6666658056607461,0.9701047467347275
B0042,47,0.6692872717339954,0.9701047467347275
B0042,48,0.6573066079851615,0.9701047467347275
B0042,49,0.6517813192096565,0.933785698837462
B0042,51,0.6565416274275753,0.8943228647706412
B0042,52,0.6507583842502435,0.8551674286391131
B0042,53,0.6459052354183593,0.8551674286391131
B0042,54,0.6333042927638958,0.8575638177647374
B0042,55,0.6427853131158022,0.8575638177647374
B0042,56,0.6430742837843632,0.8571775591155704
B0042,57,0.6397950828622897,0.8544393357066776
B0042,58,0.6331346192927666,0.8451659372883618
B0042,59,0.6286014179625499,0.843793254753761
B0042,60,0.6303716780551409,0.843793254753761
B0042,61,0.6244624169429938,0.843793254753761
B0042,62,0.626090957394816,0.843793254753761
B0042,63,0.6202348369633219,0.843793254753761
B0042,67,0.6642770667982455,0.8451800166752317
B0042,68,0.6523028906574436,0.8451800166752317
B0042,69,0.6385360375905973,0.8451800166752317
B0042,71,0.6514445326556446,0.8447359542840258
B0042,72,0.6350446630389032,0.8447359542840258
B0042,73,0.6360476625063289,0.8447359542840258
B0042,74,0.6238352300987398,0.8447359542840258
B0042,75,0.6257440510361082,0.8447359542840258
B0042,76,0.6196296206924113,0.8447359542840258
B0042,77,0.6132984305747872,0.8447359542840258
B0042,78,0.622589030154435,0.8447359542840258
B0042,79,0.6084813266899309,0.8447359542840258
B0042,88,0.8471076339501622,0.7300097017082773
B0042,89,0.8926184174540913,0.7940431340693648
B0042,90,0.8910080119315069,0.7943505538492334
B0042,91,0.8855528221034212,0.7799959492612161
B0042,92,0.8815207325553847,0.7926497945707034
B0042,93,0.8791793547049649,0.7782491962985765
B0042,94,0.8730129940299345,0.7759458455277324
B0042,95,0.8706133136096832,0.7755777391182311
B0042,96,0.8662950693683736,0.7675140963408068
B0042,97,0.8625234494040992,0.7551430724188732
B0042,98,0.858705117301047,0.7550084155848286
B0042,99,0.8531682029934257,0.7454056542959764
B0042,100,0.8501868565122883,0.7438904139813349
B0042,101,0.8440486702977982,0.7438904139813349
B0042,102,0.837776904273873,0.7476750547975978
B0042,103,0.8345303628185872,0.7419875741772528
B0042,104,0.83177688154619,0.7282209907794321
B0042,105,0.8256888054477826,0.7181058218380303
B0042,106,0.8221572977921212,0.7312476784059379
B0042,107,0.8177653346039426,0.70995755293854
B0042,108,0.8122086640102821,0.70995755293854
B0042,109,0.8120107922495493,0.6982260359998314
B0042,110,0.806658137857398,0.6948763133475764
B0042,111,0.8018436535234407,0.6917300784565363
B0042,112,0.7975667855272549,0.7169473710624467
B0050,15,0.6611873755947686,0.9776681206702582
